{"assets/logos/bank (1).png":["assets/logos/bank (1).png"],"assets/logos/barbeque.png":["assets/logos/barbeque.png"],"assets/logos/barber-chair.png":["assets/logos/barber-chair.png"],"assets/logos/bosnia-and-herzegovina.png":["assets/logos/bosnia-and-herzegovina.png"],"assets/logos/bread.png":["assets/logos/bread.png"],"assets/logos/bus (1).png":["assets/logos/bus (1).png"],"assets/logos/bus-stop.png":["assets/logos/bus-stop.png"],"assets/logos/bus.png":["assets/logos/bus.png"],"assets/logos/cake-slice.png":["assets/logos/cake-slice.png"],"assets/logos/cancel-mark.png":["assets/logos/cancel-mark.png"],"assets/logos/centralna.png":["assets/logos/centralna.png"],"assets/logos/clock (1).png":["assets/logos/clock (1).png"],"assets/logos/clock.png":["assets/logos/clock.png"],"assets/logos/coffee.png":["assets/logos/coffee.png"],"assets/logos/community.png":["assets/logos/community.png"],"assets/logos/delete.png":["assets/logos/delete.png"],"assets/logos/dental.png":["assets/logos/dental.png"],"assets/logos/distance.png":["assets/logos/distance.png"],"assets/logos/drukciji.png":["assets/logos/drukciji.png"],"assets/logos/earrings.png":["assets/logos/earrings.png"],"assets/logos/flower.png":["assets/logos/flower.png"],"assets/logos/gas-pump.png":["assets/logos/gas-pump.png"],"assets/logos/german.png":["assets/logos/german.png"],"assets/logos/ggbro.png":["assets/logos/ggbro.png"],"assets/logos/gps.png":["assets/logos/gps.png"],"assets/logos/gym.png":["assets/logos/gym.png"],"assets/logos/hamburger.png":["assets/logos/hamburger.png"],"assets/logos/hamburger1.png":["assets/logos/hamburger1.png"],"assets/logos/handshake.png":["assets/logos/handshake.png"],"assets/logos/internet.png":["assets/logos/internet.png"],"assets/logos/job-seeker.png":["assets/logos/job-seeker.png"],"assets/logos/kiosk.png":["assets/logos/kiosk.png"],"assets/logos/left-arrow (1).png":["assets/logos/left-arrow (1).png"],"assets/logos/left-arrow.png":["assets/logos/left-arrow.png"],"assets/logos/like.png":["assets/logos/like.png"],"assets/logos/location (1).png":["assets/logos/location (1).png"],"assets/logos/location (2).png":["assets/logos/location (2).png"],"assets/logos/location-pin.png":["assets/logos/location-pin.png"],"assets/logos/location.png":["assets/logos/location.png"],"assets/logos/logo.png":["assets/logos/logo.png"],"assets/logos/loupe.png":["assets/logos/loupe.png"],"assets/logos/map.png":["assets/logos/map.png"],"assets/logos/martini.png":["assets/logos/martini.png"],"assets/logos/meal.png":["assets/logos/meal.png"],"assets/logos/meat.png":["assets/logos/meat.png"],"assets/logos/medicine.png":["assets/logos/medicine.png"],"assets/logos/moon.png":["assets/logos/moon.png"],"assets/logos/more.png":["assets/logos/more.png"],"assets/logos/newspaper.png":["assets/logos/newspaper.png"],"assets/logos/nothing.png":["assets/logos/nothing.png"],"assets/logos/notra.png":["assets/logos/notra.png"],"assets/logos/nt.png":["assets/logos/nt.png"],"assets/logos/office.png":["assets/logos/office.png"],"assets/logos/online-shopping.png":["assets/logos/online-shopping.png"],"assets/logos/phone-call.png":["assets/logos/phone-call.png"],"assets/logos/pin.png":["assets/logos/pin.png"],"assets/logos/radio.png":["assets/logos/radio.png"],"assets/logos/rainy-day.png":["assets/logos/rainy-day.png"],"assets/logos/restaurant.png":["assets/logos/restaurant.png"],"assets/logos/restoran.png":["assets/logos/restoran.png"],"assets/logos/setting.png":["assets/logos/setting.png"],"assets/logos/settings.png":["assets/logos/settings.png"],"assets/logos/shisha.png":["assets/logos/shisha.png"],"assets/logos/shops.png":["assets/logos/shops.png"],"assets/logos/splash_screen.png":["assets/logos/splash_screen.png"],"assets/logos/sport.png":["assets/logos/sport.png"],"assets/logos/sports.png":["assets/logos/sports.png"],"assets/logos/sun.png":["assets/logos/sun.png"],"assets/logos/syntaxent.png":["assets/logos/syntaxent.png"],"assets/logos/taxi.png":["assets/logos/taxi.png"],"assets/logos/telephone.png":["assets/logos/telephone.png"],"assets/logos/translation.png":["assets/logos/translation.png"],"assets/logos/united-kingdom.png":["assets/logos/united-kingdom.png"],"assets/logos/website.png":["assets/logos/website.png"],"assets/slikice/background.png":["assets/slikice/background.png"],"assets/slikice/bg.png":["assets/slikice/bg.png"],"assets/slikice/nt.png":["assets/slikice/nt.png"],"assets/slikice/ntpravi.png":["assets/slikice/ntpravi.png"],"assets/slikice/real.png":["assets/slikice/real.png"],"assets/slikice/starter.png":["assets/slikice/starter.png"],"assets/slikice/web.png":["assets/slikice/web.png"],"assets/types/failure.svg":["assets/types/failure.svg"],"assets/types/help.svg":["assets/types/help.svg"],"assets/types/success.svg":["assets/types/success.svg"],"assets/types/warning.svg":["assets/types/warning.svg"],"packages/awesome_snackbar_content/assets/back.svg":["packages/awesome_snackbar_content/assets/back.svg"],"packages/awesome_snackbar_content/assets/bubbles.svg":["packages/awesome_snackbar_content/assets/bubbles.svg"],"packages/awesome_snackbar_content/assets/types/failure.svg":["packages/awesome_snackbar_content/assets/types/failure.svg"],"packages/awesome_snackbar_content/assets/types/help.svg":["packages/awesome_snackbar_content/assets/types/help.svg"],"packages/awesome_snackbar_content/assets/types/success.svg":["packages/awesome_snackbar_content/assets/types/success.svg"],"packages/awesome_snackbar_content/assets/types/warning.svg":["packages/awesome_snackbar_content/assets/types/warning.svg"],"packages/cupertino_icons/assets/CupertinoIcons.ttf":["packages/cupertino_icons/assets/CupertinoIcons.ttf"],"packages/ionicons/fonts/Ionicons.ttf":["packages/ionicons/fonts/Ionicons.ttf"]}